Ano,Instituição,Conta,Valor,População,Variacao_Valor,Variacao_Populacao
2016,Prefeitura Municipal de Armação dos Búzios - RJ,IPTU,530515281.0,31067.0,,
2017,Prefeitura Municipal de Armação dos Búzios - RJ,IPTU,762910608.5,31370.5,43.80558596953967,0.9769208484887493
2018,Prefeitura Municipal de Armação dos Búzios - RJ,IPTU,995305936.0,31674.0,30.46167203742587,0.9674694378476678
2019,Prefeitura Municipal de Armação dos Búzios - RJ,IPTU,1306246982.0,33240.0,31.240750683114584,4.94411820420535
2020,Prefeitura Municipal de Armação dos Búzios - RJ,IPTU,1532813737.0,33870.0,17.34486342338588,1.895306859205781
2021,Prefeitura Municipal de Armação dos Búzios - RJ,IPTU,8564402314.0,34477.0,458.73731473480393,1.7921464422792965
2022,Prefeitura Municipal de Armação dos Búzios - RJ,IPTU,1474429470.0,35060.0,-82.78421055034057,1.6909823940598034
2023,Prefeitura Municipal de Armação dos Búzios - RJ,IPTU,2607836390.0,35060.0,76.87088077532795,0.0
2016,Prefeitura Municipal de Armação dos Búzios - RJ,ISS,643866438.0,31067.0,,
2017,Prefeitura Municipal de Armação dos Búzios - RJ,ISS,618317164.5,31370.5,-3.968101455848827,0.9769208484887493
2018,Prefeitura Municipal de Armação dos Búzios - RJ,ISS,592767891.0,31674.0,-4.132066028065118,0.9674694378476678
2019,Prefeitura Municipal de Armação dos Búzios - RJ,ISS,2430878002.0,33240.0,310.0893518201714,4.94411820420535
2020,Prefeitura Municipal de Armação dos Búzios - RJ,ISS,2282529232.0,33870.0,-6.10268264709074,1.895306859205781
2021,Prefeitura Municipal de Armação dos Búzios - RJ,ISS,4780336999.0,34477.0,109.43157844297873,1.7921464422792965
2022,Prefeitura Municipal de Armação dos Búzios - RJ,ISS,1144806879.0,35060.0,-76.05175368934277,1.6909823940598034
2023,Prefeitura Municipal de Armação dos Búzios - RJ,ISS,2457550226.0,35060.0,114.66941464805784,0.0
2016,Prefeitura Municipal de Armação dos Búzios - RJ,ITBI,218940121.0,31067.0,,
2017,Prefeitura Municipal de Armação dos Búzios - RJ,ITBI,285436738.5,31370.5,30.37205661359801,0.9769208484887493
2018,Prefeitura Municipal de Armação dos Búzios - RJ,ITBI,351933356.0,31674.0,23.2964466485452,0.9674694378476678
2019,Prefeitura Municipal de Armação dos Búzios - RJ,ITBI,617907943.0,33240.0,75.57527084758627,4.94411820420535
2020,Prefeitura Municipal de Armação dos Búzios - RJ,ITBI,1075122924.0,33870.0,73.99402875130218,1.895306859205781
2021,Prefeitura Municipal de Armação dos Búzios - RJ,ITBI,1232969516.0,34477.0,14.681725082442764,1.7921464422792965
2022,Prefeitura Municipal de Armação dos Búzios - RJ,ITBI,709477222.0,35060.0,-42.45784564879705,1.6909823940598034
2023,Prefeitura Municipal de Armação dos Búzios - RJ,ITBI,846442018.0,35060.0,19.30503076813366,0.0
2016,Prefeitura Municipal de Arraial do Cabo - RJ,IPTU,,,,
2017,Prefeitura Municipal de Arraial do Cabo - RJ,IPTU,696656476.0,29077.0,,
2018,Prefeitura Municipal de Arraial do Cabo - RJ,IPTU,329427105.0,29077.0,-52.71312097872467,0.0
2019,Prefeitura Municipal de Arraial do Cabo - RJ,IPTU,212960320.0,30096.0,-35.35434189606226,3.504488083364854
2020,Prefeitura Municipal de Arraial do Cabo - RJ,IPTU,1670943762.0,30349.0,684.6268084120084,0.8406432748538029
2021,Prefeitura Municipal de Arraial do Cabo - RJ,IPTU,288674350.0,30593.0,-82.7238739827798,0.8039803617911678
2022,Prefeitura Municipal de Arraial do Cabo - RJ,IPTU,1192975296.0,30827.0,313.2598881750318,0.7648808550975605
2023,Prefeitura Municipal de Arraial do Cabo - RJ,IPTU,1550985191.0,30827.0,30.00983307872287,0.0
2016,Prefeitura Municipal de Arraial do Cabo - RJ,ISS,,,,
2017,Prefeitura Municipal de Arraial do Cabo - RJ,ISS,145951408.0,29077.0,,
2018,Prefeitura Municipal de Arraial do Cabo - RJ,ISS,596761288.0,29077.0,308.8766913437381,0.0
2019,Prefeitura Municipal de Arraial do Cabo - RJ,ISS,477765748.0,30096.0,-19.94022440678156,3.504488083364854
2020,Prefeitura Municipal de Arraial do Cabo - RJ,ISS,517143742.0,30349.0,8.242113245841143,0.8406432748538029
2021,Prefeitura Municipal de Arraial do Cabo - RJ,ISS,220633454.0,30593.0,-57.336145430915806,0.8039803617911678
2022,Prefeitura Municipal de Arraial do Cabo - RJ,ISS,843233131.0,30827.0,282.1873409097788,0.7648808550975605
2023,Prefeitura Municipal de Arraial do Cabo - RJ,ISS,395080505.0,30827.0,-53.14694234897181,0.0
2016,Prefeitura Municipal de Arraial do Cabo - RJ,ITBI,,,,
2017,Prefeitura Municipal de Arraial do Cabo - RJ,ITBI,254582434.0,29077.0,,
2018,Prefeitura Municipal de Arraial do Cabo - RJ,ITBI,601743890.0,29077.0,136.36504708726292,0.0
2019,Prefeitura Municipal de Arraial do Cabo - RJ,ITBI,464784242.0,30096.0,-22.760455116544687,3.504488083364854
2020,Prefeitura Municipal de Arraial do Cabo - RJ,ITBI,405787976.0,30349.0,-12.693258649676853,0.8406432748538029
2021,Prefeitura Municipal de Arraial do Cabo - RJ,ITBI,101503567.0,30593.0,-74.98605848291572,0.8039803617911678
2022,Prefeitura Municipal de Arraial do Cabo - RJ,ITBI,426037848.0,30827.0,319.72697176248,0.7648808550975605
2023,Prefeitura Municipal de Arraial do Cabo - RJ,ITBI,153511878.0,30827.0,-63.9675491929534,0.0
2016,Prefeitura Municipal de Baía da Traição - PB,IPTU,16743178.0,8826.0,,
2017,Prefeitura Municipal de Baía da Traição - PB,IPTU,24967030.0,8951.0,49.117628684351324,1.416270111035578
2018,Prefeitura Municipal de Baía da Traição - PB,IPTU,37894616.0,8951.0,51.77862965679139,0.0
2019,Prefeitura Municipal de Baía da Traição - PB,IPTU,34243736.0,8933.0,-9.63429738937056,-0.20109484973745984
2020,Prefeitura Municipal de Baía da Traição - PB,IPTU,32270322.0,8993.0,-5.762846670702048,0.6716668532407821
2021,Prefeitura Municipal de Baía da Traição - PB,IPTU,34892132.0,9096.0,8.12452382718709,1.1453352607583733
2022,Prefeitura Municipal de Baía da Traição - PB,IPTU,31032105.0,9197.0,-11.062743314166068,1.1103781882146002
2023,Prefeitura Municipal de Baía da Traição - PB,IPTU,37278114.0,9197.0,20.12757110740635,0.0
2016,Prefeitura Municipal de Baía da Traição - PB,ISS,53472062.0,8826.0,,
2017,Prefeitura Municipal de Baía da Traição - PB,ISS,28453955.0,8951.0,-46.787249386417905,1.416270111035578
2018,Prefeitura Municipal de Baía da Traição - PB,ISS,36946374.0,8951.0,29.84618131293171,0.0
2019,Prefeitura Municipal de Baía da Traição - PB,ISS,26239762.0,8933.0,-28.978789637110257,-0.20109484973745984
2020,Prefeitura Municipal de Baía da Traição - PB,ISS,71443972.0,8993.0,172.27370431179975,0.6716668532407821
2021,Prefeitura Municipal de Baía da Traição - PB,ISS,119074514.0,9096.0,66.66838456294116,1.1453352607583733
2022,Prefeitura Municipal de Baía da Traição - PB,ISS,162801707.0,9197.0,36.72254585057555,1.1103781882146002
2023,Prefeitura Municipal de Baía da Traição - PB,ISS,121378673.0,9197.0,-25.443857293216222,0.0
2016,Prefeitura Municipal de Baía da Traição - PB,ITBI,19137739.0,8826.0,,
2017,Prefeitura Municipal de Baía da Traição - PB,ITBI,13558632.0,8951.0,-29.15238315247167,1.416270111035578
2018,Prefeitura Municipal de Baía da Traição - PB,ITBI,16100291.0,8951.0,18.745689093117957,0.0
2019,Prefeitura Municipal de Baía da Traição - PB,ITBI,23864292.0,8933.0,48.22273709214324,-0.20109484973745984
2020,Prefeitura Municipal de Baía da Traição - PB,ITBI,19875812.0,8993.0,-16.713171293747166,0.6716668532407821
2021,Prefeitura Municipal de Baía da Traição - PB,ITBI,31939396.0,9096.0,60.694798280442576,1.1453352607583733
2022,Prefeitura Municipal de Baía da Traição - PB,ITBI,8631814.0,9197.0,-72.97439813827413,1.1103781882146002
2023,Prefeitura Municipal de Baía da Traição - PB,ITBI,43089403.0,9197.0,399.1929042956672,0.0
2016,Prefeitura Municipal de Cabedelo - PB,IPTU,1420534155.0,65634.0,,
2017,Prefeitura Municipal de Cabedelo - PB,IPTU,2123657796.0,66858.0,49.49713025379528,1.8648871011975432
2018,Prefeitura Municipal de Cabedelo - PB,IPTU,1666740444.0,66858.0,-21.515582824154777,0.0
2019,Prefeitura Municipal de Cabedelo - PB,IPTU,1571550914.0,66680.0,-5.711118989322372,-0.2662359029585115
2020,Prefeitura Municipal de Cabedelo - PB,IPTU,1964389087.0,67736.0,24.99684671367892,1.5836832633473241
2021,Prefeitura Municipal de Cabedelo - PB,IPTU,1675354294.0,68767.0,-14.713724226670987,1.5220857446557323
2022,Prefeitura Municipal de Cabedelo - PB,IPTU,3408321184.0,69773.0,103.43883059280832,1.4629109892826397
2023,Prefeitura Municipal de Cabedelo - PB,IPTU,4880371800.0,69773.0,43.18990307927506,0.0
2016,Prefeitura Municipal de Cabedelo - PB,ISS,4332564732.0,65634.0,,
2017,Prefeitura Municipal de Cabedelo - PB,ISS,4766344053.0,66858.0,10.012067858932117,1.8648871011975432
2018,Prefeitura Municipal de Cabedelo - PB,ISS,6343590412.0,66858.0,33.09132411470088,0.0
2019,Prefeitura Municipal de Cabedelo - PB,ISS,6800152552.0,66680.0,7.197219718605008,-0.2662359029585115
2020,Prefeitura Municipal de Cabedelo - PB,ISS,6767109073.0,67736.0,-0.48592261346080967,1.5836832633473241
2021,Prefeitura Municipal de Cabedelo - PB,ISS,5912522536.0,68767.0,-12.628532033120376,1.5220857446557323
2022,Prefeitura Municipal de Cabedelo - PB,ISS,7083588541.0,69773.0,19.806537698074656,1.4629109892826397
2023,Prefeitura Municipal de Cabedelo - PB,ISS,15555521309.0,69773.0,119.5994476382165,0.0
2016,Prefeitura Municipal de Cabedelo - PB,ITBI,2665044278.0,65634.0,,
2017,Prefeitura Municipal de Cabedelo - PB,ITBI,2315933636.0,66858.0,-13.099618827421223,1.8648871011975432
2018,Prefeitura Municipal de Cabedelo - PB,ITBI,2850801491.0,66858.0,23.095128750053707,0.0
2019,Prefeitura Municipal de Cabedelo - PB,ITBI,2842237381.0,66680.0,-0.3004106047733268,-0.2662359029585115
2020,Prefeitura Municipal de Cabedelo - PB,ITBI,3317837272.0,67736.0,16.733292376608855,1.5836832633473241
2021,Prefeitura Municipal de Cabedelo - PB,ITBI,6308282164.0,68767.0,90.13235571367709,1.5220857446557323
2022,Prefeitura Municipal de Cabedelo - PB,ITBI,6313342657.0,69773.0,0.08021982638759528,1.4629109892826397
2023,Prefeitura Municipal de Cabedelo - PB,ITBI,8271538142.0,69773.0,31.016778137787693,0.0
2016,Prefeitura Municipal de Conde - PB,IPTU,684146741.0,23975.0,,
2017,Prefeitura Municipal de Conde - PB,IPTU,787269886.0,24380.0,15.073249468274529,1.6892596454640252
2018,Prefeitura Municipal de Conde - PB,IPTU,948460856.0,24380.0,20.474677472929525,0.0
2019,Prefeitura Municipal de Conde - PB,IPTU,1063138303.0,24323.0,12.090899300118284,-0.23379819524199652
2020,Prefeitura Municipal de Conde - PB,IPTU,907096794.0,24670.0,-14.677442112627936,1.426633227809071
2021,Prefeitura Municipal de Conde - PB,IPTU,1154076960.0,25010.0,27.227542598943423,1.378192136197809
2022,Prefeitura Municipal de Conde - PB,IPTU,1709220948.0,25341.0,48.10285684933871,1.3234706117553063
2023,Prefeitura Municipal de Conde - PB,IPTU,2285745070.0,25341.0,33.7302279541217,0.0
2016,Prefeitura Municipal de Conde - PB,ISS,1218893620.0,23975.0,,
2017,Prefeitura Municipal de Conde - PB,ISS,941957615.0,24380.0,-22.720276852380273,1.6892596454640252
2018,Prefeitura Municipal de Conde - PB,ISS,1025801920.0,24380.0,8.901069821490859,0.0
2019,Prefeitura Municipal de Conde - PB,ISS,1093143435.0,24323.0,6.564767884232459,-0.23379819524199652
2020,Prefeitura Municipal de Conde - PB,ISS,1107451888.0,24670.0,1.3089273138250146,1.426633227809071
2021,Prefeitura Municipal de Conde - PB,ISS,1237085573.0,25010.0,11.705581651417084,1.378192136197809
2022,Prefeitura Municipal de Conde - PB,ISS,1855952292.0,25341.0,50.02618513278871,1.3234706117553063
2023,Prefeitura Municipal de Conde - PB,ISS,2141751642.0,25341.0,15.399067704052815,0.0
2016,Prefeitura Municipal de Conde - PB,ITBI,164789792.0,23975.0,,
2017,Prefeitura Municipal de Conde - PB,ITBI,307818064.0,24380.0,86.79437619534103,1.6892596454640252
2018,Prefeitura Municipal de Conde - PB,ITBI,371791058.0,24380.0,20.782728982403054,0.0
2019,Prefeitura Municipal de Conde - PB,ITBI,574475019.0,24323.0,54.51555561618697,-0.23379819524199652
2020,Prefeitura Municipal de Conde - PB,ITBI,786571644.0,24670.0,36.92007798166763,1.426633227809071
2021,Prefeitura Municipal de Conde - PB,ITBI,974323598.0,25010.0,23.869657065847647,1.378192136197809
2022,Prefeitura Municipal de Conde - PB,ITBI,1203186759.0,25341.0,23.48944041484664,1.3234706117553063
2023,Prefeitura Municipal de Conde - PB,ITBI,1006846575.0,25341.0,-16.31834646877127,0.0
2016,Prefeitura Municipal de Ipojuca - PE,IPTU,1750812688.0,91341.0,,
2017,Prefeitura Municipal de Ipojuca - PE,IPTU,2194867502.0,92965.0,25.36278249772428,1.777952945555672
2018,Prefeitura Municipal de Ipojuca - PE,IPTU,2024838383.0,92965.0,-7.7466689376496145,0.0
2019,Prefeitura Municipal de Ipojuca - PE,IPTU,3498482922.0,94709.0,72.77837833243011,1.875974829236804
2020,Prefeitura Municipal de Ipojuca - PE,IPTU,2544016910.0,96204.0,-27.282283014671805,1.5785194648871848
2021,Prefeitura Municipal de Ipojuca - PE,IPTU,5406371529.0,97669.0,112.51319154950114,1.5228057045445054
2022,Prefeitura Municipal de Ipojuca - PE,IPTU,6381892242.0,99101.0,18.043908151100354,1.4661765759862444
2023,Prefeitura Municipal de Ipojuca - PE,IPTU,6986058382.0,99101.0,9.46688093578123,0.0
2016,Prefeitura Municipal de Ipojuca - PE,ISS,37035147637.0,91341.0,,
2017,Prefeitura Municipal de Ipojuca - PE,ISS,37594896624.0,92965.0,1.5113993671265424,1.777952945555672
2018,Prefeitura Municipal de Ipojuca - PE,ISS,43883415928.0,92965.0,16.727055714220285,0.0
2019,Prefeitura Municipal de Ipojuca - PE,ISS,47052698164.0,94709.0,7.222049990820856,1.875974829236804
2020,Prefeitura Municipal de Ipojuca - PE,ISS,46153919898.0,96204.0,-1.9101524483619459,1.5785194648871848
2021,Prefeitura Municipal de Ipojuca - PE,ISS,51119141152.0,97669.0,10.757962194702241,1.5228057045445054
2022,Prefeitura Municipal de Ipojuca - PE,ISS,38950820786.0,99101.0,-23.803843514933398,1.4661765759862444
2023,Prefeitura Municipal de Ipojuca - PE,ISS,74660438784.0,99101.0,91.67873045395496,0.0
2016,Prefeitura Municipal de Ipojuca - PE,ITBI,1473854862.0,91341.0,,
2017,Prefeitura Municipal de Ipojuca - PE,ITBI,1799139642.0,92965.0,22.070340057676585,1.777952945555672
2018,Prefeitura Municipal de Ipojuca - PE,ITBI,2119569790.0,92965.0,17.810187743059025,0.0
2019,Prefeitura Municipal de Ipojuca - PE,ITBI,2583926769.0,94709.0,21.908076874411385,1.875974829236804
2020,Prefeitura Municipal de Ipojuca - PE,ITBI,2569474728.0,96204.0,-0.55930536319313,1.5785194648871848
2021,Prefeitura Municipal de Ipojuca - PE,ITBI,5481216239.0,97669.0,113.32049618041621,1.5228057045445054
2022,Prefeitura Municipal de Ipojuca - PE,ITBI,4678491640.0,99101.0,-14.645008771747525,1.4661765759862444
2023,Prefeitura Municipal de Ipojuca - PE,ITBI,6045694844.0,99101.0,29.223162275437996,0.0
2016,Prefeitura Municipal de João Pessoa - PB,IPTU,17169357992.0,791438.0,,
2017,Prefeitura Municipal de João Pessoa - PB,IPTU,19113191681.0,801718.0,11.321528096191603,1.298901493231308
2018,Prefeitura Municipal de João Pessoa - PB,IPTU,24413554825.0,801718.0,27.731439272222502,0.0
2019,Prefeitura Municipal de João Pessoa - PB,IPTU,29260639483.0,800323.0,19.854071612039405,-0.17400133213922864
2020,Prefeitura Municipal de João Pessoa - PB,IPTU,30649625282.0,809015.0,4.7469427310602,1.0860615026683007
2021,Prefeitura Municipal de João Pessoa - PB,IPTU,34042444035.0,817511.0,11.069690809539988,1.050165942535064
2022,Prefeitura Municipal de João Pessoa - PB,IPTU,40168192043.0,825796.0,17.9944424721737,1.0134420209636286
2023,Prefeitura Municipal de João Pessoa - PB,IPTU,49366033018.0,825796.0,22.898319558803458,0.0
2016,Prefeitura Municipal de João Pessoa - PB,ISS,58887791786.0,791438.0,,
2017,Prefeitura Municipal de João Pessoa - PB,ISS,55520644875.0,801718.0,-5.717903166137239,1.298901493231308
2018,Prefeitura Municipal de João Pessoa - PB,ISS,70288419764.0,801718.0,26.598709222935703,0.0
2019,Prefeitura Municipal de João Pessoa - PB,ISS,74450943765.0,800323.0,5.922062289885122,-0.17400133213922864
2020,Prefeitura Municipal de João Pessoa - PB,ISS,72742160103.0,809015.0,-2.2951806593529245,1.0860615026683007
2021,Prefeitura Municipal de João Pessoa - PB,ISS,81987489378.0,817511.0,12.709726054201553,1.050165942535064
2022,Prefeitura Municipal de João Pessoa - PB,ISS,93988982977.0,825796.0,14.638201132940655,1.0134420209636286
2023,Prefeitura Municipal de João Pessoa - PB,ISS,118820661968.0,825796.0,26.419776238111382,0.0
2016,Prefeitura Municipal de João Pessoa - PB,ITBI,25491321456.0,791438.0,,
2017,Prefeitura Municipal de João Pessoa - PB,ITBI,26083771966.0,801718.0,2.324126314999453,1.298901493231308
2018,Prefeitura Municipal de João Pessoa - PB,ITBI,30016997918.0,801718.0,15.079206938041523,0.0
2019,Prefeitura Municipal de João Pessoa - PB,ITBI,23274397617.0,800323.0,-22.462607084890163,-0.17400133213922864
2020,Prefeitura Municipal de João Pessoa - PB,ITBI,29367032418.0,809015.0,26.17741133953062,1.0860615026683007
2021,Prefeitura Municipal de João Pessoa - PB,ITBI,36402998343.0,817511.0,23.958722913682728,1.050165942535064
2022,Prefeitura Municipal de João Pessoa - PB,ITBI,40671946622.0,825796.0,11.726913917300674,1.0134420209636286
2023,Prefeitura Municipal de João Pessoa - PB,ITBI,42249065721.0,825796.0,3.877658263218997,0.0
2016,Prefeitura Municipal de Lucena - PB,IPTU,172997983.0,12804.0,,
2017,Prefeitura Municipal de Lucena - PB,IPTU,214866067.0,12965.0,24.201486788432682,1.2574195563886281
2018,Prefeitura Municipal de Lucena - PB,IPTU,298254001.0,12965.0,38.80926158526465,0.0
2019,Prefeitura Municipal de Lucena - PB,IPTU,243634862.0,12944.0,-18.31296103886968,-0.16197454685692447
2020,Prefeitura Municipal de Lucena - PB,IPTU,249046794.0,13080.0,2.2213290641468264,1.0506798516687343
2021,Prefeitura Municipal de Lucena - PB,IPTU,545076496.0,13214.0,118.8650924773599,1.0244648318042726
2022,Prefeitura Municipal de Lucena - PB,IPTU,633668844.0,13344.0,16.253195404705178,0.9838050552444466
2023,Prefeitura Municipal de Lucena - PB,IPTU,867444642.0,13344.0,36.89242420761971,0.0
2016,Prefeitura Municipal de Lucena - PB,ISS,183454468.0,12804.0,,
2017,Prefeitura Municipal de Lucena - PB,ISS,238717822.0,12965.0,30.123743838171336,1.2574195563886281
2018,Prefeitura Municipal de Lucena - PB,ISS,169368996.0,12965.0,-29.050544035208226,0.0
2019,Prefeitura Municipal de Lucena - PB,ISS,79071572.0,12944.0,-53.314022124804936,-0.16197454685692447
2020,Prefeitura Municipal de Lucena - PB,ISS,24477859.0,13080.0,-69.04341423742024,1.0506798516687343
2021,Prefeitura Municipal de Lucena - PB,ISS,17646932.0,13214.0,-27.90655424561438,1.0244648318042726
2022,Prefeitura Municipal de Lucena - PB,ISS,204642310.0,13344.0,1059.648090670945,0.9838050552444466
2023,Prefeitura Municipal de Lucena - PB,ISS,212272006.0,13344.0,3.728308188077034,0.0
2016,Prefeitura Municipal de Lucena - PB,ITBI,54235281.0,12804.0,,
2017,Prefeitura Municipal de Lucena - PB,ITBI,105941760.0,12965.0,95.33734876380562,1.2574195563886281
2018,Prefeitura Municipal de Lucena - PB,ITBI,186968292.0,12965.0,76.48214641705027,0.0
2019,Prefeitura Municipal de Lucena - PB,ITBI,328204992.0,12944.0,75.54045581161965,-0.16197454685692447
2020,Prefeitura Municipal de Lucena - PB,ITBI,388033077.0,13080.0,18.228877213421548,1.0506798516687343
2021,Prefeitura Municipal de Lucena - PB,ITBI,386214363.0,13214.0,-0.46870076490928003,1.0244648318042726
2022,Prefeitura Municipal de Lucena - PB,ITBI,264565854.0,13344.0,-31.49766571472641,0.9838050552444466
2023,Prefeitura Municipal de Lucena - PB,ITBI,279455082.0,13344.0,5.627796548529651,0.0
2016,Prefeitura Municipal de Maragogi - AL,IPTU,,,,
2017,Prefeitura Municipal de Maragogi - AL,IPTU,603854930.0,32568.0,,
2018,Prefeitura Municipal de Maragogi - AL,IPTU,494559287.0,32568.0,-18.099652345307504,0.0
2019,Prefeitura Municipal de Maragogi - AL,IPTU,979186481.0,32369.0,97.99172854275002,-0.6110292311471421
2020,Prefeitura Municipal de Maragogi - AL,IPTU,801674549.0,32704.0,-18.12851131469001,1.034940838456544
2021,Prefeitura Municipal de Maragogi - AL,IPTU,2053957864.0,33032.0,156.2084410141353,1.0029354207436336
2022,Prefeitura Municipal de Maragogi - AL,IPTU,1239219929.0,33351.0,-39.6667307192627,0.9657302010172009
2023,Prefeitura Municipal de Maragogi - AL,IPTU,1744747783.0,33351.0,40.794038424474046,0.0
2016,Prefeitura Municipal de Maragogi - AL,ISS,,,,
2017,Prefeitura Municipal de Maragogi - AL,ISS,1566114488.0,32568.0,,
2018,Prefeitura Municipal de Maragogi - AL,ISS,2449276941.0,32568.0,56.39194706179105,0.0
2019,Prefeitura Municipal de Maragogi - AL,ISS,2359721690.0,32369.0,-3.6563954651627095,-0.6110292311471421
2020,Prefeitura Municipal de Maragogi - AL,ISS,1701620754.0,32704.0,-27.888921765176466,1.034940838456544
2021,Prefeitura Municipal de Maragogi - AL,ISS,3191235978.0,33032.0,87.54096472427015,1.0029354207436336
2022,Prefeitura Municipal de Maragogi - AL,ISS,3881372451.0,33351.0,21.625993118582223,0.9657302010172009
2023,Prefeitura Municipal de Maragogi - AL,ISS,4566432198.0,33351.0,17.6499358319375,0.0
2016,Prefeitura Municipal de Maragogi - AL,ITBI,,,,
2017,Prefeitura Municipal de Maragogi - AL,ITBI,121171544.0,32568.0,,
2018,Prefeitura Municipal de Maragogi - AL,ITBI,85727203.0,32568.0,-29.25137357332015,0.0
2019,Prefeitura Municipal de Maragogi - AL,ITBI,210961420.0,32369.0,146.08457131162905,-0.6110292311471421
2020,Prefeitura Municipal de Maragogi - AL,ITBI,212899027.0,32704.0,0.9184650918637072,1.034940838456544
2021,Prefeitura Municipal de Maragogi - AL,ITBI,310638469.0,33032.0,45.90882512581891,1.0029354207436336
2022,Prefeitura Municipal de Maragogi - AL,ITBI,570545259.0,33351.0,83.66857808586484,0.9657302010172009
2023,Prefeitura Municipal de Maragogi - AL,ITBI,507322760.0,33351.0,-11.081066401429862,0.0
2016,Prefeitura Municipal de Marcação - PB,IPTU,3117872.0,8361.0,,
2017,Prefeitura Municipal de Marcação - PB,IPTU,3101640.0,8475.0,-0.5206114939933393,1.3634732687477502
2018,Prefeitura Municipal de Marcação - PB,IPTU,2690800.0,8475.0,-13.245895719683777,0.0
2019,Prefeitura Municipal de Marcação - PB,IPTU,1821425.0,8460.0,-32.309164560725435,-0.1769911504424737
2020,Prefeitura Municipal de Marcação - PB,IPTU,1927744.0,8558.0,5.837133013986295,1.158392434988187
2021,Prefeitura Municipal de Marcação - PB,IPTU,1812073.0,8653.0,-6.000329919325386,1.1100724468333656
2022,Prefeitura Municipal de Marcação - PB,IPTU,4563785.0,8746.0,151.85436789798206,1.0747717554605352
2023,Prefeitura Municipal de Marcação - PB,IPTU,3813228.0,8746.0,-16.445932488055416,0.0
2016,Prefeitura Municipal de Marcação - PB,ISS,18895576.0,8361.0,,
2017,Prefeitura Municipal de Marcação - PB,ISS,27940000.0,8475.0,47.86529926370066,1.3634732687477502
2018,Prefeitura Municipal de Marcação - PB,ISS,20162459.0,8475.0,-27.83658196134574,0.0
2019,Prefeitura Municipal de Marcação - PB,ISS,56617272.0,8460.0,180.80539184233433,-0.1769911504424737
2020,Prefeitura Municipal de Marcação - PB,ISS,26411339.0,8558.0,-53.35109222500159,1.158392434988187
2021,Prefeitura Municipal de Marcação - PB,ISS,38045382.0,8653.0,44.04942513516639,1.1100724468333656
2022,Prefeitura Municipal de Marcação - PB,ISS,40463872.0,8746.0,6.356855609966017,1.0747717554605352
2023,Prefeitura Municipal de Marcação - PB,ISS,50622612.0,8746.0,25.105704169882713,0.0
2016,Prefeitura Municipal de Marcação - PB,ITBI,5325.0,8361.0,,
2017,Prefeitura Municipal de Marcação - PB,ITBI,536977.0,8475.0,9984.075117370892,1.3634732687477502
2018,Prefeitura Municipal de Marcação - PB,ITBI,589954.0,8475.0,9.865785685420425,0.0
2019,Prefeitura Municipal de Marcação - PB,ITBI,780900.0,8460.0,32.36625228407639,-0.1769911504424737
2020,Prefeitura Municipal de Marcação - PB,ITBI,521296.0,8558.0,-33.244205404021,1.158392434988187
2021,Prefeitura Municipal de Marcação - PB,ITBI,2894644.0,8653.0,455.27838310671865,1.1100724468333656
2022,Prefeitura Municipal de Marcação - PB,ITBI,1690000.0,8746.0,-41.61630929399263,1.0747717554605352
2023,Prefeitura Municipal de Marcação - PB,ITBI,1105000.0,8746.0,-34.61538461538461,0.0
2016,Prefeitura Municipal de Mata de São João - BA,IPTU,5653645924.0,45813.0,,
2017,Prefeitura Municipal de Mata de São João - BA,IPTU,4836831667.0,46392.0,-14.447566543433222,1.2638334097308634
2018,Prefeitura Municipal de Mata de São João - BA,IPTU,7993162433.0,46392.0,65.2561631932435,0.0
2019,Prefeitura Municipal de Mata de São João - BA,IPTU,6029241564.0,46014.0,-24.57001074933617,-0.8147956544231727
2020,Prefeitura Municipal de Mata de São João - BA,IPTU,9267699678.0,46583.0,53.712528841712206,1.2365801712522329
2021,Prefeitura Municipal de Mata de São João - BA,IPTU,10147054452.0,47126.0,9.488382279881646,1.1656612927462895
2022,Prefeitura Municipal de Mata de São João - BA,IPTU,8151378761.0,47643.0,-19.6675370221025,1.0970589483512372
2023,Prefeitura Municipal de Mata de São João - BA,IPTU,13483992367.0,47643.0,65.41977452346728,0.0
2016,Prefeitura Municipal de Mata de São João - BA,ISS,11016857346.0,45813.0,,
2017,Prefeitura Municipal de Mata de São João - BA,ISS,11438766757.0,46392.0,3.8296711825281715,1.2638334097308634
2018,Prefeitura Municipal de Mata de São João - BA,ISS,12794538671.0,46392.0,11.852430797842173,0.0
2019,Prefeitura Municipal de Mata de São João - BA,ISS,15795713958.0,46014.0,23.45669010952649,-0.8147956544231727
2020,Prefeitura Municipal de Mata de São João - BA,ISS,14145839532.0,46583.0,-10.445076622601125,1.2365801712522329
2021,Prefeitura Municipal de Mata de São João - BA,ISS,16431600654.0,47126.0,16.15853987901721,1.1656612927462895
2022,Prefeitura Municipal de Mata de São João - BA,ISS,22537602955.0,47643.0,37.16011866143787,1.0970589483512372
2023,Prefeitura Municipal de Mata de São João - BA,ISS,27999560531.0,47643.0,24.234864669972623,0.0
2016,Prefeitura Municipal de Mata de São João - BA,ITBI,2413764658.0,45813.0,,
2017,Prefeitura Municipal de Mata de São João - BA,ITBI,1490955748.0,46392.0,-38.231105378956954,1.2638334097308634
2018,Prefeitura Municipal de Mata de São João - BA,ITBI,2067988736.0,46392.0,38.70222095954521,0.0
2019,Prefeitura Municipal de Mata de São João - BA,ITBI,2050885047.0,46014.0,-0.8270687698755386,-0.8147956544231727
2020,Prefeitura Municipal de Mata de São João - BA,ITBI,4724481958.0,46583.0,130.36307982794514,1.2365801712522329
2021,Prefeitura Municipal de Mata de São João - BA,ITBI,3629434315.0,47126.0,-23.178152710388655,1.1656612927462895
2022,Prefeitura Municipal de Mata de São João - BA,ITBI,6451848147.0,47643.0,77.7645656882483,1.0970589483512372
2023,Prefeitura Municipal de Mata de São João - BA,ITBI,11544547853.0,47643.0,78.93396729072148,0.0
2016,Prefeitura Municipal de Mataraca - PB,IPTU,2230000.0,8219.0,,
2017,Prefeitura Municipal de Mataraca - PB,IPTU,10303708.0,8345.0,362.0496860986547,1.5330332157196702
2018,Prefeitura Municipal de Mataraca - PB,IPTU,10288642.0,8345.0,-0.14621920574612313,0.0
2019,Prefeitura Municipal de Mataraca - PB,IPTU,17341084.0,8327.0,68.54589750522955,-0.21569802276812933
2020,Prefeitura Municipal de Mataraca - PB,IPTU,20377788.0,8434.0,17.51161576750335,1.2849765822024795
2021,Prefeitura Municipal de Mataraca - PB,IPTU,27595624.0,8539.0,35.42011527453324,1.244960872658285
2022,Prefeitura Municipal de Mataraca - PB,IPTU,33705734.0,8642.0,22.141590275327715,1.2062302377327638
2023,Prefeitura Municipal de Mataraca - PB,IPTU,63380006.0,8642.0,88.03923985159321,0.0
2016,Prefeitura Municipal de Mataraca - PB,ISS,316413838.0,8219.0,,
2017,Prefeitura Municipal de Mataraca - PB,ISS,357601233.0,8345.0,13.016938595460537,1.5330332157196702
2018,Prefeitura Municipal de Mataraca - PB,ISS,373353436.0,8345.0,4.404963279307261,0.0
2019,Prefeitura Municipal de Mataraca - PB,ISS,381855472.0,8327.0,2.2772084518863256,-0.21569802276812933
2020,Prefeitura Municipal de Mataraca - PB,ISS,359609515.0,8434.0,-5.825753100639086,1.2849765822024795
2021,Prefeitura Municipal de Mataraca - PB,ISS,380355680.0,8539.0,5.769081221335304,1.244960872658285
2022,Prefeitura Municipal de Mataraca - PB,ISS,318280070.0,8642.0,-16.320410937467788,1.2062302377327638
2023,Prefeitura Municipal de Mataraca - PB,ISS,397479000.0,8642.0,24.883408502455097,0.0
2016,Prefeitura Municipal de Mataraca - PB,ITBI,1160000.0,8219.0,,
2017,Prefeitura Municipal de Mataraca - PB,ITBI,2121624.0,8345.0,82.89862068965516,1.5330332157196702
2018,Prefeitura Municipal de Mataraca - PB,ITBI,2490968.0,8345.0,17.40855118531841,0.0
2019,Prefeitura Municipal de Mataraca - PB,ITBI,18059400.0,8327.0,624.9952628857536,-0.21569802276812933
2020,Prefeitura Municipal de Mataraca - PB,ITBI,15694522.0,8434.0,-13.094997618968518,1.2849765822024795
2021,Prefeitura Municipal de Mataraca - PB,ITBI,2835530.0,8539.0,-81.93299547447192,1.244960872658285
2022,Prefeitura Municipal de Mataraca - PB,ITBI,1826000.0,8642.0,-35.602867894185565,1.2062302377327638
2023,Prefeitura Municipal de Mataraca - PB,ITBI,41170462.0,8642.0,2154.6802847754657,0.0
2016,Prefeitura Municipal de Paraty - RJ,IPTU,1060305318.0,40478.0,,
2017,Prefeitura Municipal de Paraty - RJ,IPTU,1417710972.0,40975.0,33.70780547193295,1.2278274618311213
2018,Prefeitura Municipal de Paraty - RJ,IPTU,1291945506.0,40975.0,-8.87102297181065,0.0
2019,Prefeitura Municipal de Paraty - RJ,IPTU,1360889992.0,42630.0,5.336485608704922,4.03904820012202
2020,Prefeitura Municipal de Paraty - RJ,IPTU,1355591018.0,43165.0,-0.3893756314727881,1.254984752521704
2021,Prefeitura Municipal de Paraty - RJ,IPTU,2895219354.0,43680.0,113.5761682953258,1.1930962585428029
2022,Prefeitura Municipal de Paraty - RJ,IPTU,4214306664.0,44175.0,45.56087635216879,1.1332417582417653
2023,Prefeitura Municipal de Paraty - RJ,IPTU,5105043094.0,44175.0,21.136013608334792,0.0
2016,Prefeitura Municipal de Paraty - RJ,ISS,3039101800.0,40478.0,,
2017,Prefeitura Municipal de Paraty - RJ,ISS,2077577968.0,40975.0,-31.63842132566932,1.2278274618311213
2018,Prefeitura Municipal de Paraty - RJ,ISS,1800972878.0,40975.0,-13.313824764241055,0.0
2019,Prefeitura Municipal de Paraty - RJ,ISS,1698440872.0,42630.0,-5.693145480006501,4.03904820012202
2020,Prefeitura Municipal de Paraty - RJ,ISS,390304918.0,43165.0,-77.01981126134841,1.254984752521704
2021,Prefeitura Municipal de Paraty - RJ,ISS,4175283290.0,43680.0,969.7490852523667,1.1930962585428029
2022,Prefeitura Municipal de Paraty - RJ,ISS,6206251357.0,44175.0,48.64264113202243,1.1332417582417653
2023,Prefeitura Municipal de Paraty - RJ,ISS,7250545074.0,44175.0,16.82648118694301,0.0
2016,Prefeitura Municipal de Paraty - RJ,ITBI,358444442.0,40478.0,,
2017,Prefeitura Municipal de Paraty - RJ,ITBI,376885986.0,40975.0,5.144882118160998,1.2278274618311213
2018,Prefeitura Municipal de Paraty - RJ,ITBI,279932954.0,40975.0,-25.724764411908907,0.0
2019,Prefeitura Municipal de Paraty - RJ,ITBI,317821510.0,42630.0,13.534868067015783,4.03904820012202
2020,Prefeitura Municipal de Paraty - RJ,ITBI,441585664.0,43165.0,38.94140267598627,1.254984752521704
2021,Prefeitura Municipal de Paraty - RJ,ITBI,2241035073.0,43680.0,407.4972436152275,1.1930962585428029
2022,Prefeitura Municipal de Paraty - RJ,ITBI,1954808907.0,44175.0,-12.772052050789117,1.1332417582417653
2023,Prefeitura Municipal de Paraty - RJ,ITBI,2281598570.0,44175.0,16.7172178226626,0.0
2016,Prefeitura Municipal de Pitimbu - PB,IPTU,167557577.0,18685.0,,
2017,Prefeitura Municipal de Pitimbu - PB,IPTU,196328149.0,18938.0,17.170558631317512,1.3540272946213516
2018,Prefeitura Municipal de Pitimbu - PB,IPTU,301830430.0,18938.0,53.73772509819772,0.0
2019,Prefeitura Municipal de Pitimbu - PB,IPTU,284361482.0,18904.0,-5.787669586529098,-0.17953321364452268
2020,Prefeitura Municipal de Pitimbu - PB,IPTU,347481060.0,19065.0,22.196950710785778,0.8516716038933669
2021,Prefeitura Municipal de Pitimbu - PB,IPTU,398925706.0,19275.0,14.805021603191836,1.1014948859165985
2022,Prefeitura Municipal de Pitimbu - PB,IPTU,556038435.0,19478.0,39.38395712208127,1.0531776913099922
2023,Prefeitura Municipal de Pitimbu - PB,IPTU,726662363.0,19478.0,30.685635607186047,0.0
2016,Prefeitura Municipal de Pitimbu - PB,ISS,496740955.0,18685.0,,
2017,Prefeitura Municipal de Pitimbu - PB,ISS,459562669.0,18938.0,-7.484441463055935,1.3540272946213516
2018,Prefeitura Municipal de Pitimbu - PB,ISS,315903610.0,18938.0,-31.25994966314377,0.0
2019,Prefeitura Municipal de Pitimbu - PB,ISS,317133549.0,18904.0,0.3893399635414019,-0.17953321364452268
2020,Prefeitura Municipal de Pitimbu - PB,ISS,353046266.0,19065.0,11.324162048840813,0.8516716038933669
2021,Prefeitura Municipal de Pitimbu - PB,ISS,372849804.0,19275.0,5.6093322340930785,1.1014948859165985
2022,Prefeitura Municipal de Pitimbu - PB,ISS,478484682.0,19478.0,28.33175098034919,1.0531776913099922
2023,Prefeitura Municipal de Pitimbu - PB,ISS,532679400.0,19478.0,11.32632245894969,0.0
2016,Prefeitura Municipal de Pitimbu - PB,ITBI,55710375.0,18685.0,,
2017,Prefeitura Municipal de Pitimbu - PB,ITBI,45033492.0,18938.0,-19.164981388116665,1.3540272946213516
2018,Prefeitura Municipal de Pitimbu - PB,ITBI,59542173.0,18938.0,32.217534896028056,0.0
2019,Prefeitura Municipal de Pitimbu - PB,ITBI,48666909.0,18904.0,-18.264808709618308,-0.17953321364452268
2020,Prefeitura Municipal de Pitimbu - PB,ITBI,79261157.0,19065.0,62.86458011952227,0.8516716038933669
2021,Prefeitura Municipal de Pitimbu - PB,ITBI,106598825.0,19275.0,34.49062445555773,1.1014948859165985
2022,Prefeitura Municipal de Pitimbu - PB,ITBI,129504501.0,19478.0,21.48773778697841,1.0531776913099922
2023,Prefeitura Municipal de Pitimbu - PB,ITBI,238620206.0,19478.0,84.25630318439666,0.0
2016,Prefeitura Municipal de Rio Tinto - PB,IPTU,47691318.0,24023.0,,
2017,Prefeitura Municipal de Rio Tinto - PB,IPTU,22567708.0,24090.0,-52.67963028406973,0.2788993880864066
2018,Prefeitura Municipal de Rio Tinto - PB,IPTU,14803840.0,24090.0,-34.40255430458423,0.0
2019,Prefeitura Municipal de Rio Tinto - PB,IPTU,26920774.0,24088.0,81.84993893476286,-0.008302200083021294
2020,Prefeitura Municipal de Rio Tinto - PB,IPTU,51061728.0,24176.0,89.67407103525329,0.36532713384258564
2021,Prefeitura Municipal de Rio Tinto - PB,IPTU,44047942.0,24218.0,-13.7358962861578,0.17372600926539583
2022,Prefeitura Municipal de Rio Tinto - PB,IPTU,78571027.0,24258.0,78.37615886798979,0.16516640515318315
2023,Prefeitura Municipal de Rio Tinto - PB,IPTU,68182124.0,24258.0,-13.222307759831109,0.0
2016,Prefeitura Municipal de Rio Tinto - PB,ISS,163920870.0,24023.0,,
2017,Prefeitura Municipal de Rio Tinto - PB,ISS,189027291.0,24090.0,15.31618335114986,0.2788993880864066
2018,Prefeitura Municipal de Rio Tinto - PB,ISS,209135548.0,24090.0,10.637753360174852,0.0
2019,Prefeitura Municipal de Rio Tinto - PB,ISS,189454168.0,24088.0,-9.410824791966977,-0.008302200083021294
2020,Prefeitura Municipal de Rio Tinto - PB,ISS,195450670.0,24176.0,3.165146517124917,0.36532713384258564
2021,Prefeitura Municipal de Rio Tinto - PB,ISS,164527730.0,24218.0,-15.82135277407849,0.17372600926539583
2022,Prefeitura Municipal de Rio Tinto - PB,ISS,270808522.0,24258.0,64.59749490253101,0.16516640515318315
2023,Prefeitura Municipal de Rio Tinto - PB,ISS,614934655.0,24258.0,127.07359814917494,0.0
2016,Prefeitura Municipal de Rio Tinto - PB,ITBI,28720440.0,24023.0,,
2017,Prefeitura Municipal de Rio Tinto - PB,ITBI,17080000.0,24090.0,-40.53015900870599,0.2788993880864066
2018,Prefeitura Municipal de Rio Tinto - PB,ITBI,27334919.0,24090.0,60.04050936768151,0.0
2019,Prefeitura Municipal de Rio Tinto - PB,ITBI,27772617.0,24088.0,1.6012412548213506,-0.008302200083021294
2020,Prefeitura Municipal de Rio Tinto - PB,ITBI,19682270.0,24176.0,-29.130661327306672,0.36532713384258564
2021,Prefeitura Municipal de Rio Tinto - PB,ITBI,30447200.0,24218.0,54.693538905827424,0.17372600926539583
2022,Prefeitura Municipal de Rio Tinto - PB,ITBI,35548100.0,24258.0,16.753264668015454,0.16516640515318315
2023,Prefeitura Municipal de Rio Tinto - PB,ITBI,50022400.0,24258.0,40.71750670218661,0.0
